[
  {
    "id": "163f74d0-79a2-4f42-ba40-bba22f488ae9",
    "data": [
      {
        "text": "How to gain admission into $",
        "userDefined": false
      },
      {
        "text": "CourseName",
        "alias": "CourseName",
        "meta": "@CourseName",
        "userDefined": true
      }
    ],
    "isTemplate": false,
    "count": 0
  },
  {
    "id": "3e748e0a-01fa-4756-b6f4-69c06284bd64",
    "data": [
      {
        "text": "How to gain admission into $",
        "userDefined": false
      },
      {
        "text": "CourseType",
        "alias": "CourseType",
        "meta": "@CourseType",
        "userDefined": true
      },
      {
        "text": " $",
        "userDefined": false
      },
      {
        "text": "CourseName",
        "alias": "CourseName",
        "meta": "@CourseName",
        "userDefined": true
      },
      {
        "text": " program",
        "userDefined": false
      }
    ],
    "isTemplate": false,
    "count": 0
  },
  {
    "id": "cf1b347e-c004-4895-94e3-571855d7b818",
    "data": [
      {
        "text": "How to get in the $",
        "userDefined": false
      },
      {
        "text": "CourseType",
        "alias": "CourseType",
        "meta": "@CourseType",
        "userDefined": true
      },
      {
        "text": " $",
        "userDefined": false
      },
      {
        "text": "CourseName",
        "alias": "CourseName",
        "meta": "@CourseName",
        "userDefined": true
      },
      {
        "text": " program",
        "userDefined": false
      }
    ],
    "isTemplate": false,
    "count": 0
  },
  {
    "id": "6a0a9d56-c908-49c0-9f46-7ae6a24978c1",
    "data": [
      {
        "text": "How to get in the $",
        "userDefined": false
      },
      {
        "text": "CourseName",
        "alias": "CourseName",
        "meta": "@CourseName",
        "userDefined": true
      },
      {
        "text": " program",
        "userDefined": false
      }
    ],
    "isTemplate": false,
    "count": 0
  },
  {
    "id": "2c2da0d5-b56a-4d55-85ea-953dce5b7914",
    "data": [
      {
        "text": "How to apply for $",
        "userDefined": false
      },
      {
        "text": "CourseName",
        "alias": "CourseName",
        "meta": "@CourseName",
        "userDefined": true
      }
    ],
    "isTemplate": false,
    "count": 0
  },
  {
    "id": "0bccf7a1-a10c-40fd-9438-f5f23b31818b",
    "data": [
      {
        "text": "How to apply for $",
        "userDefined": false
      },
      {
        "text": "CourseType",
        "alias": "CourseType",
        "meta": "@CourseType",
        "userDefined": true
      },
      {
        "text": " $",
        "userDefined": false
      },
      {
        "text": "CourseName",
        "alias": "CourseName",
        "meta": "@CourseName",
        "userDefined": true
      }
    ],
    "isTemplate": false,
    "count": 0
  }
]