[
  {
    "id": "12aad9cb-8cae-4084-8df1-d6b223a8b3c8",
    "data": [
      {
        "text": "attendance requirement for ",
        "userDefined": false
      },
      {
        "text": "EBAC",
        "alias": "CourseName",
        "meta": "@CourseName",
        "userDefined": false
      }
    ],
    "isTemplate": false,
    "count": 0
  },
  {
    "id": "3332fa16-1ad8-41b0-925d-a9af7d4412da",
    "data": [
      {
        "text": "What is the attendance requirement for $",
        "userDefined": false
      },
      {
        "text": "programName",
        "alias": "ProgramName",
        "meta": "@ProgramName",
        "userDefined": true
      }
    ],
    "isTemplate": false,
    "count": 0
  },
  {
    "id": "7a7bfca1-a6d7-43e4-b662-9571a723f4e2",
    "data": [
      {
        "text": "What is the attendance requirement for $",
        "userDefined": false
      },
      {
        "text": "courseName",
        "alias": "CourseName",
        "meta": "@CourseName",
        "userDefined": true
      }
    ],
    "isTemplate": false,
    "count": 0
  },
  {
    "id": "360bc514-071d-4663-97fa-769ae98cd9ed",
    "data": [
      {
        "text": "How many $",
        "userDefined": false
      },
      {
        "text": "courseName",
        "alias": "CourseName",
        "meta": "@CourseName",
        "userDefined": true
      },
      {
        "text": " classes can I miss",
        "userDefined": false
      }
    ],
    "isTemplate": false,
    "count": 0
  },
  {
    "id": "51cda821-886e-4aa7-86f7-0309f004c755",
    "data": [
      {
        "text": "What is the requirement for $",
        "userDefined": false
      },
      {
        "text": "courseName",
        "alias": "CourseName",
        "meta": "@CourseName",
        "userDefined": true
      },
      {
        "text": " attendance",
        "userDefined": false
      }
    ],
    "isTemplate": false,
    "count": 0
  }
]