[
  {
    "id": "eb18f6a3-e9d6-4a80-aa29-2a58f907d39d",
    "data": [
      {
        "text": "Good Bye!",
        "userDefined": false
      }
    ],
    "isTemplate": false,
    "count": 0
  },
  {
    "id": "14a0ca18-9562-4ba0-ad4e-e9ee40fede83",
    "data": [
      {
        "text": "Good Bye",
        "userDefined": false
      }
    ],
    "isTemplate": false,
    "count": 0
  },
  {
    "id": "765add15-2fa8-49b5-a599-fb282be9a59b",
    "data": [
      {
        "text": "Bye!",
        "userDefined": false
      }
    ],
    "isTemplate": false,
    "count": 0
  },
  {
    "id": "0950eb23-f9d6-4a72-b7d3-3bb01dfc54db",
    "data": [
      {
        "text": "Bye",
        "userDefined": false
      }
    ],
    "isTemplate": false,
    "count": 0
  }
]