[
  {
    "id": "095707fd-3202-46e9-96b3-b5da68e46744",
    "data": [
      {
        "text": "certs",
        "userDefined": false
      }
    ],
    "isTemplate": false,
    "count": 0
  },
  {
    "id": "3afd6ba4-eb45-46d0-b73f-87ef8e590e37",
    "data": [
      {
        "text": "What are the certificates for artificial intelligence",
        "userDefined": false
      }
    ],
    "isTemplate": false,
    "count": 0
  },
  {
    "id": "12679158-976d-4ef2-be36-5e071aeec7b5",
    "data": [
      {
        "text": "What are the certificates for ",
        "userDefined": false
      },
      {
        "text": "data science",
        "alias": "CourseName",
        "meta": "@CourseName",
        "userDefined": false
      }
    ],
    "isTemplate": false,
    "count": 0
  },
  {
    "id": "fb49fa11-ebea-48bd-a53f-3587ed732c60",
    "data": [
      {
        "text": "Tell me more about $",
        "userDefined": false
      },
      {
        "text": "ProgramName",
        "alias": "ProgramName",
        "meta": "@ProgramName",
        "userDefined": true
      },
      {
        "text": " certificates",
        "userDefined": false
      }
    ],
    "isTemplate": false,
    "count": 1
  }
]