[
  {
    "id": "9ebb3582-047f-45f0-90ea-ee2610423653",
    "data": [
      {
        "text": "How much time $",
        "userDefined": false
      },
      {
        "text": "CourseName",
        "alias": "CourseName",
        "meta": "@CourseName",
        "userDefined": true
      }
    ],
    "isTemplate": false,
    "count": 0
  },
  {
    "id": "ada34c84-e171-4c7a-8d9c-9adc1f4502f3",
    "data": [
      {
        "text": "How long $",
        "userDefined": false
      },
      {
        "text": "courseName",
        "alias": "CourseName",
        "meta": "@CourseName",
        "userDefined": true
      }
    ],
    "isTemplate": false,
    "count": 0
  },
  {
    "id": "94d0651f-0e4a-4a23-a931-500a8c54d716",
    "data": [
      {
        "text": "How many days does it take to complete $",
        "userDefined": false
      },
      {
        "text": "courseName",
        "alias": "CourseName",
        "meta": "@CourseName",
        "userDefined": true
      }
    ],
    "isTemplate": false,
    "count": 0
  },
  {
    "id": "640efa18-b9e0-4f50-b4be-4995bfe8cdd8",
    "data": [
      {
        "text": "How many weeks does it take to complete $",
        "userDefined": false
      },
      {
        "text": "courseName",
        "alias": "CourseName",
        "meta": "@CourseName",
        "userDefined": true
      }
    ],
    "isTemplate": false,
    "count": 0
  },
  {
    "id": "07b5453a-fec2-47ce-8aba-6febb6822f78",
    "data": [
      {
        "text": "How many months does it take to complete $",
        "userDefined": false
      },
      {
        "text": "courseName",
        "alias": "CourseName",
        "meta": "@CourseName",
        "userDefined": true
      }
    ],
    "isTemplate": false,
    "count": 0
  },
  {
    "id": "81b8c1dd-c66d-4249-937c-b76e142532e1",
    "data": [
      {
        "text": "How many years does it take to complete $",
        "userDefined": false
      },
      {
        "text": "courseName",
        "alias": "CourseName",
        "meta": "@CourseName",
        "userDefined": true
      }
    ],
    "isTemplate": false,
    "count": 0
  },
  {
    "id": "0498f388-92d1-4847-9b76-7cb5cd60135d",
    "data": [
      {
        "text": "How long is the duration of $",
        "userDefined": false
      },
      {
        "text": "courseName",
        "alias": "CourseName",
        "meta": "@CourseName",
        "userDefined": true
      }
    ],
    "isTemplate": false,
    "count": 0
  },
  {
    "id": "766c086c-e026-45f6-9edc-267cda8eaa06",
    "data": [
      {
        "text": "What is the duration of $",
        "userDefined": false
      },
      {
        "text": "courseName",
        "alias": "CourseName",
        "meta": "@CourseName",
        "userDefined": true
      }
    ],
    "isTemplate": false,
    "count": 0
  }
]