[
  {
    "id": "12531722-f01f-420c-9a31-8e2bf1dbbb4f",
    "data": [
      {
        "text": "What are the ",
        "userDefined": false
      },
      {
        "text": "executive education",
        "alias": "ProgramName",
        "meta": "@ProgramName",
        "userDefined": true
      },
      {
        "text": " at ISS",
        "userDefined": false
      }
    ],
    "isTemplate": false,
    "count": 0
  },
  {
    "id": "2ed7c18c-996d-46c6-a58a-9d10c476fc91",
    "data": [
      {
        "text": "What are the types of ",
        "userDefined": false
      },
      {
        "text": "adult learning",
        "alias": "ProgramName",
        "meta": "@ProgramName",
        "userDefined": false
      },
      {
        "text": " available at ISS",
        "userDefined": false
      }
    ],
    "isTemplate": false,
    "count": 0
  },
  {
    "id": "40746fc4-5ea1-473a-b113-e45aa0ee7cd5",
    "data": [
      {
        "text": "ISS\u0027s $",
        "userDefined": false
      },
      {
        "text": "programName",
        "alias": "ProgramName",
        "meta": "@ProgramName",
        "userDefined": true
      }
    ],
    "isTemplate": false,
    "count": 0
  },
  {
    "id": "4b786c68-429c-43ce-9ae1-5b63ad0c6a0d",
    "data": [
      {
        "text": "Tell me about $",
        "userDefined": false
      },
      {
        "text": "programName",
        "alias": "ProgramName",
        "meta": "@ProgramName",
        "userDefined": true
      },
      {
        "text": " ISS program",
        "userDefined": false
      }
    ],
    "isTemplate": false,
    "count": 0
  },
  {
    "id": "70b0e323-125b-4b09-b6d4-00e87df2d54e",
    "data": [
      {
        "text": "What are the $",
        "userDefined": false
      },
      {
        "text": "programName",
        "alias": "ProgramName",
        "meta": "@ProgramName",
        "userDefined": true
      },
      {
        "text": " program available at ISS",
        "userDefined": false
      }
    ],
    "isTemplate": false,
    "count": 0
  },
  {
    "id": "01ff7a25-44bb-4cb6-aeb9-755ddb9503ec",
    "data": [
      {
        "text": "What are the $",
        "userDefined": false
      },
      {
        "text": "programName",
        "alias": "ProgramName",
        "meta": "@ProgramName",
        "userDefined": true
      },
      {
        "text": " at ISS",
        "userDefined": false
      }
    ],
    "isTemplate": false,
    "count": 0
  }
]