[
  {
    "id": "fddce322-1fc8-41ef-873c-4d4444de55da",
    "data": [
      {
        "text": "Describe $",
        "userDefined": false
      },
      {
        "text": "courseName",
        "alias": "CourseName",
        "meta": "@CourseName",
        "userDefined": true
      },
      {
        "text": " to me",
        "userDefined": false
      }
    ],
    "isTemplate": false,
    "count": 0
  },
  {
    "id": "1f417edf-48c5-4a96-be77-e36dba958622",
    "data": [
      {
        "text": "I want to know more about $",
        "userDefined": false
      },
      {
        "text": "courseName",
        "alias": "CourseName",
        "meta": "@CourseName",
        "userDefined": true
      }
    ],
    "isTemplate": false,
    "count": 0
  },
  {
    "id": "568e5da6-73bd-4780-a0fd-19838539d9df",
    "data": [
      {
        "text": "Tell me about $",
        "userDefined": false
      },
      {
        "text": "courseName",
        "alias": "CourseName",
        "meta": "@CourseName",
        "userDefined": true
      }
    ],
    "isTemplate": false,
    "count": 0
  },
  {
    "id": "93ee56d7-2ffc-4dd7-8500-ef3dfcaf80ba",
    "data": [
      {
        "text": "What is the overview of $",
        "userDefined": false
      },
      {
        "text": "courseName",
        "alias": "CourseName",
        "meta": "@CourseName",
        "userDefined": true
      }
    ],
    "isTemplate": false,
    "count": 0
  }
]