[
  {
    "id": "19fbaa4b-7f15-4d15-86bb-abc20965b0a4",
    "data": [
      {
        "text": "Topics in $",
        "userDefined": false
      },
      {
        "text": "courseName",
        "alias": "CourseName",
        "meta": "@CourseName",
        "userDefined": true
      }
    ],
    "isTemplate": false,
    "count": 0
  },
  {
    "id": "6c4be6c6-b083-49f6-b6ca-44579b99747c",
    "data": [
      {
        "text": "Subjects in $",
        "userDefined": false
      },
      {
        "text": "courseName",
        "alias": "CourseName",
        "meta": "@CourseName",
        "userDefined": true
      }
    ],
    "isTemplate": false,
    "count": 0
  },
  {
    "id": "5733ef46-e7e4-46a2-a95f-5964e82c762f",
    "data": [
      {
        "text": "What do I learn in $",
        "userDefined": false
      },
      {
        "text": "courseName",
        "alias": "CourseName",
        "meta": "@CourseName",
        "userDefined": true
      }
    ],
    "isTemplate": false,
    "count": 0
  },
  {
    "id": "c60a0f3c-1daa-4e06-8103-3bb40940fe3c",
    "data": [
      {
        "text": "Modules in $",
        "userDefined": false
      },
      {
        "text": "CourseName",
        "alias": "CourseName",
        "meta": "@CourseName",
        "userDefined": true
      }
    ],
    "isTemplate": false,
    "count": 0
  }
]