[
  {
    "id": "3c6babdf-0c2a-4f82-a715-9f2c15085d90",
    "data": [
      {
        "text": "qualification $",
        "userDefined": false
      },
      {
        "text": "CourseName",
        "alias": "CourseName",
        "meta": "@CourseName",
        "userDefined": true
      }
    ],
    "isTemplate": false,
    "count": 0
  },
  {
    "id": "4ef260d5-856f-42b8-b471-f8cec76e0fbc",
    "data": [
      {
        "text": "what $",
        "userDefined": false
      },
      {
        "text": "CourseName",
        "alias": "CourseName",
        "meta": "@CourseName",
        "userDefined": true
      },
      {
        "text": " requires",
        "userDefined": false
      }
    ],
    "isTemplate": false,
    "count": 0
  },
  {
    "id": "190a02fa-63af-4f90-8472-e6d985f818f2",
    "data": [
      {
        "text": "what is required for $",
        "userDefined": false
      },
      {
        "text": "CourseName",
        "alias": "CourseName",
        "meta": "@CourseName",
        "userDefined": true
      }
    ],
    "isTemplate": false,
    "count": 0
  },
  {
    "id": "2d858e4b-2ac3-41c4-8a28-d8573abeb3bd",
    "data": [
      {
        "text": "requirement of $",
        "userDefined": false
      },
      {
        "text": "CourseName",
        "alias": "CourseName",
        "meta": "@CourseName",
        "userDefined": true
      }
    ],
    "isTemplate": false,
    "count": 0
  },
  {
    "id": "f74c578c-239a-4ae2-bd21-f98fd79dbca2",
    "data": [
      {
        "text": "pre-requisite of $",
        "userDefined": false
      },
      {
        "text": "CourseName",
        "alias": "CourseName",
        "meta": "@CourseName",
        "userDefined": true
      }
    ],
    "isTemplate": false,
    "count": 0
  }
]