[
  {
    "id": "f6c4c95e-5701-43b0-85d2-21aa1758eccb",
    "data": [
      {
        "text": "How to pass $",
        "userDefined": false
      },
      {
        "text": "CourseName",
        "alias": "CourseName",
        "meta": "@CourseName",
        "userDefined": true
      }
    ],
    "isTemplate": false,
    "count": 0
  },
  {
    "id": "716039cf-197c-4eaa-8d06-2a0f36fd8a55",
    "data": [
      {
        "text": "What are the criteria for passing $",
        "userDefined": false
      },
      {
        "text": "courseName",
        "alias": "CourseName",
        "meta": "@CourseName",
        "userDefined": true
      }
    ],
    "isTemplate": false,
    "count": 0
  }
]