[
  {
    "id": "f1d03a8d-19b9-4dcb-b66d-a353915d7778",
    "data": [
      {
        "text": "head in ",
        "userDefined": false
      },
      {
        "text": "ISS",
        "alias": "ISSName",
        "meta": "@ISSName",
        "userDefined": true
      }
    ],
    "isTemplate": false,
    "count": 0
  },
  {
    "id": "761fda3e-9420-4cba-9703-bbc1dfb8bea9",
    "data": [
      {
        "text": "chiefs in ",
        "userDefined": false
      },
      {
        "text": "ISS",
        "alias": "ISSName",
        "meta": "@ISSName",
        "userDefined": true
      }
    ],
    "isTemplate": false,
    "count": 0
  }
]