[
  {
    "id": "83a832cb-fcea-4c68-b209-b69c57835ba1",
    "data": [
      {
        "text": "ISS",
        "alias": "ISSName",
        "meta": "@ISSName",
        "userDefined": true
      },
      {
        "text": " operating hours",
        "userDefined": false
      }
    ],
    "isTemplate": false,
    "count": 0
  },
  {
    "id": "88703c5b-cc53-4f0f-89ce-fe610a4dc563",
    "data": [
      {
        "text": "inquiries",
        "userDefined": false
      }
    ],
    "isTemplate": false,
    "count": 0
  },
  {
    "id": "54e4d2cf-9798-4ec1-832b-be8701206078",
    "data": [
      {
        "text": "Inquiry",
        "userDefined": false
      }
    ],
    "isTemplate": false,
    "count": 0
  },
  {
    "id": "a5e98625-6c5e-4030-9a63-877dc60db4b3",
    "data": [
      {
        "text": "ISS",
        "alias": "ISSName",
        "meta": "@ISSName",
        "userDefined": true
      },
      {
        "text": " email",
        "userDefined": false
      }
    ],
    "isTemplate": false,
    "count": 0
  },
  {
    "id": "447ac016-3478-4cb1-933f-da0addbca4be",
    "data": [
      {
        "text": "ISS",
        "alias": "ISSName",
        "meta": "@ISSName",
        "userDefined": true
      },
      {
        "text": " phone number",
        "userDefined": false
      }
    ],
    "isTemplate": false,
    "count": 0
  },
  {
    "id": "951f821a-c7af-4042-9475-517017069397",
    "data": [
      {
        "text": "contact ",
        "userDefined": false
      },
      {
        "text": "ISS",
        "alias": "ISSName",
        "meta": "@ISSName",
        "userDefined": true
      }
    ],
    "isTemplate": false,
    "count": 0
  }
]