[
  {
    "id": "bdda6683-da28-4be4-ad03-6d9f6670d97b",
    "data": [
      {
        "text": "financial aid",
        "userDefined": false
      }
    ],
    "isTemplate": false,
    "count": 0
  },
  {
    "id": "eaa77782-54c6-4606-a1aa-48600a5fccb5",
    "data": [
      {
        "text": "subsidies",
        "userDefined": false
      }
    ],
    "isTemplate": false,
    "count": 0
  },
  {
    "id": "9915dfd2-6fba-4449-8c09-85a6d0a4ed0a",
    "data": [
      {
        "text": "subsidy",
        "userDefined": false
      }
    ],
    "isTemplate": false,
    "count": 0
  },
  {
    "id": "09037f4f-2147-41fe-bff6-eff896cab689",
    "data": [
      {
        "text": "loan",
        "userDefined": false
      }
    ],
    "isTemplate": false,
    "count": 0
  },
  {
    "id": "ec7a55b2-cad1-4564-be5c-cd41021ee0b2",
    "data": [
      {
        "text": "skillsfuture",
        "userDefined": false
      }
    ],
    "isTemplate": false,
    "count": 0
  },
  {
    "id": "3ea1e011-481b-40dc-a6c1-2832027a5730",
    "data": [
      {
        "text": "skills future",
        "userDefined": false
      }
    ],
    "isTemplate": false,
    "count": 0
  },
  {
    "id": "17891613-d7c9-457e-a278-ac2ef287470f",
    "data": [
      {
        "text": "student assistance",
        "userDefined": false
      }
    ],
    "isTemplate": false,
    "count": 0
  },
  {
    "id": "1495887c-4d34-4b27-a96a-941e0426d8c7",
    "data": [
      {
        "text": "scholarship",
        "userDefined": false
      }
    ],
    "isTemplate": false,
    "count": 0
  },
  {
    "id": "f08e2d4f-b166-4f0b-9360-8c838e6be52d",
    "data": [
      {
        "text": "Funding",
        "userDefined": false
      }
    ],
    "isTemplate": false,
    "count": 0
  },
  {
    "id": "a1d47671-4085-451d-bc17-4d2ed30d84a6",
    "data": [
      {
        "text": "Grant",
        "meta": "@sys.ignore",
        "userDefined": false
      }
    ],
    "isTemplate": false,
    "count": 0
  }
]