[
  {
    "id": "262acdbe-636c-447f-8d58-c4cc9e99e729",
    "data": [
      {
        "text": "Opening ",
        "userDefined": false
      },
      {
        "text": "ISS",
        "alias": "ISSName",
        "meta": "@ISSName",
        "userDefined": true
      }
    ],
    "isTemplate": false,
    "count": 0
  },
  {
    "id": "9f7d867f-66fb-429c-ba0b-a33e4e5355f2",
    "data": [
      {
        "text": "Career ",
        "userDefined": false
      },
      {
        "text": "ISS",
        "alias": "ISSName",
        "meta": "@ISSName",
        "userDefined": true
      }
    ],
    "isTemplate": false,
    "count": 0
  },
  {
    "id": "5e357cff-b830-4c57-a4ba-54325ab87e3a",
    "data": [
      {
        "text": "ISS",
        "alias": "ISSName",
        "meta": "@ISSName",
        "userDefined": false
      },
      {
        "text": " job",
        "userDefined": false
      }
    ],
    "isTemplate": false,
    "count": 0
  },
  {
    "id": "bf562ce5-24aa-4dcf-8683-9ee21fc96b9e",
    "data": [
      {
        "text": "job in ",
        "userDefined": false
      },
      {
        "text": "ISS",
        "alias": "ISSName",
        "meta": "@ISSName",
        "userDefined": true
      }
    ],
    "isTemplate": false,
    "count": 0
  },
  {
    "id": "f5eabc84-7b98-46b2-9b94-e03dfcdf9f50",
    "data": [
      {
        "text": "position in ",
        "userDefined": false
      },
      {
        "text": "ISS",
        "alias": "ISSName",
        "meta": "@ISSName",
        "userDefined": true
      }
    ],
    "isTemplate": false,
    "count": 0
  },
  {
    "id": "351c8d50-6dfc-4c9b-877f-451279a40d85",
    "data": [
      {
        "text": "join ",
        "userDefined": false
      },
      {
        "text": "ISS",
        "alias": "ISSName",
        "meta": "@ISSName",
        "userDefined": true
      }
    ],
    "isTemplate": false,
    "count": 0
  }
]