[
  {
    "id": "eb938e3b-af9a-427e-b106-007a4d73b55e",
    "data": [
      {
        "text": "Can you introduce ",
        "userDefined": false
      },
      {
        "text": "Tian Jing",
        "alias": "LecturersName",
        "meta": "@LecturersName",
        "userDefined": true
      }
    ],
    "isTemplate": false,
    "count": 0
  },
  {
    "id": "c8f984ed-d4ab-40e4-b166-d7f37972f672",
    "data": [
      {
        "text": "What is the title that ",
        "userDefined": false
      },
      {
        "text": "Zhen Zhen",
        "alias": "LecturersName",
        "meta": "@LecturersName",
        "userDefined": true
      },
      {
        "text": " holds",
        "userDefined": false
      }
    ],
    "isTemplate": false,
    "count": 0
  },
  {
    "id": "51477354-03b2-40e7-8549-545a2711f69d",
    "data": [
      {
        "text": "What is the title that ",
        "userDefined": false
      },
      {
        "text": "Sam Gu",
        "alias": "LecturersName",
        "meta": "@LecturersName",
        "userDefined": true
      },
      {
        "text": " holds",
        "userDefined": false
      }
    ],
    "isTemplate": false,
    "count": 0
  },
  {
    "id": "0db2aba2-072f-4941-8922-392ede618090",
    "data": [
      {
        "text": "What are the courses that ",
        "userDefined": false
      },
      {
        "text": "Zhen Zhen",
        "alias": "LecturersName",
        "meta": "@LecturersName",
        "userDefined": true
      },
      {
        "text": " teaches",
        "userDefined": false
      }
    ],
    "isTemplate": false,
    "count": 0
  },
  {
    "id": "daf2f629-0419-4213-b704-4bde195e90a8",
    "data": [
      {
        "text": "What are the courses that ",
        "userDefined": false
      },
      {
        "text": "Sam Gu",
        "alias": "LecturersName",
        "meta": "@LecturersName",
        "userDefined": true
      },
      {
        "text": " teaches",
        "userDefined": false
      }
    ],
    "isTemplate": false,
    "count": 0
  }
]