[
  {
    "id": "26facc3d-dcb6-4dff-b710-062d537462e3",
    "data": [
      {
        "text": "Map of ",
        "userDefined": false
      },
      {
        "text": "ISS",
        "alias": "ISSName",
        "meta": "@ISSName",
        "userDefined": true
      }
    ],
    "isTemplate": false,
    "count": 0
  },
  {
    "id": "15070d16-b3f4-4cd6-a383-ca4d2a6a17b2",
    "data": [
      {
        "text": "Travelling to ",
        "userDefined": false
      },
      {
        "text": "ISS",
        "alias": "ISSName",
        "meta": "@ISSName",
        "userDefined": true
      }
    ],
    "isTemplate": false,
    "count": 0
  },
  {
    "id": "e2008193-2db4-444c-947f-ddd380892666",
    "data": [
      {
        "text": "Travel ",
        "userDefined": false
      },
      {
        "text": "ISS",
        "alias": "ISSName",
        "meta": "@ISSName",
        "userDefined": true
      }
    ],
    "isTemplate": false,
    "count": 0
  },
  {
    "id": "93c0cd4f-a48f-4145-a1bd-de78c1283076",
    "data": [
      {
        "text": "Find ",
        "userDefined": false
      },
      {
        "text": "ISS",
        "alias": "ISSName",
        "meta": "@ISSName",
        "userDefined": true
      }
    ],
    "isTemplate": false,
    "count": 0
  },
  {
    "id": "fa396fa1-b08e-49c7-894e-381c86a4ac9e",
    "data": [
      {
        "text": "Getting to ",
        "userDefined": false
      },
      {
        "text": "ISS",
        "alias": "ISSName",
        "meta": "@ISSName",
        "userDefined": true
      }
    ],
    "isTemplate": false,
    "count": 0
  },
  {
    "id": "5aa49525-427f-4d73-b867-8c8db4132f2a",
    "data": [
      {
        "text": "Direction to ",
        "userDefined": false
      },
      {
        "text": "ISS",
        "alias": "ISSName",
        "meta": "@ISSName",
        "userDefined": true
      }
    ],
    "isTemplate": false,
    "count": 0
  },
  {
    "id": "3ed46e63-703d-4180-b619-a4ea7536702b",
    "data": [
      {
        "text": "location of ",
        "userDefined": false
      },
      {
        "text": "ISS",
        "alias": "ISSName",
        "meta": "@ISSName",
        "userDefined": true
      }
    ],
    "isTemplate": false,
    "count": 0
  },
  {
    "id": "5ddac059-7efd-4b27-b9fc-5cfad8b92863",
    "data": [
      {
        "text": "go to ",
        "userDefined": false
      },
      {
        "text": "ISS",
        "alias": "ISSName",
        "meta": "@ISSName",
        "userDefined": true
      }
    ],
    "isTemplate": false,
    "count": 0
  },
  {
    "id": "458d3eba-74b1-4aad-8633-763557620be3",
    "data": [
      {
        "text": "get to ",
        "userDefined": false
      },
      {
        "text": "ISS",
        "alias": "ISSName",
        "meta": "@ISSName",
        "userDefined": true
      }
    ],
    "isTemplate": false,
    "count": 0
  },
  {
    "id": "6da037d1-fdab-45ed-a607-48d75a5288ad",
    "data": [
      {
        "text": "Where is ",
        "userDefined": false
      },
      {
        "text": "ISS",
        "alias": "ISSName",
        "meta": "@ISSName",
        "userDefined": true
      }
    ],
    "isTemplate": false,
    "count": 0
  }
]