[
  {
    "id": "4bab5856-3586-47fa-a273-d994c635e497",
    "data": [
      {
        "text": "ISS",
        "alias": "ISSName",
        "meta": "@ISSName",
        "userDefined": false
      },
      {
        "text": " director",
        "userDefined": false
      }
    ],
    "isTemplate": false,
    "count": 0
  },
  {
    "id": "c4d6117e-edb4-4e65-821b-9fdef10cad9f",
    "data": [
      {
        "text": "ISS",
        "alias": "ISSName",
        "meta": "@ISSName",
        "userDefined": false
      },
      {
        "text": " Management",
        "userDefined": false
      }
    ],
    "isTemplate": false,
    "count": 0
  },
  {
    "id": "f5306f16-1ded-44e5-beb7-8ddd57d7ebaa",
    "data": [
      {
        "text": "ISS",
        "alias": "ISSName",
        "meta": "@ISSName",
        "userDefined": false
      },
      {
        "text": " CEO",
        "userDefined": false
      }
    ],
    "isTemplate": false,
    "count": 0
  }
]