[
  {
    "id": "1b5e9956-4683-42f2-92e7-1493c3ce9cde",
    "data": [
      {
        "text": "Tell me about ",
        "userDefined": false
      },
      {
        "text": "Master",
        "alias": "ProgramName",
        "meta": "@ProgramName",
        "userDefined": false
      }
    ],
    "isTemplate": false,
    "count": 0
  },
  {
    "id": "b36db962-94fb-4bc9-a8c6-2d6cbb67cd7d",
    "data": [
      {
        "text": "Tell me about ",
        "userDefined": false
      },
      {
        "text": "graduate programme",
        "alias": "ProgramName",
        "meta": "@ProgramName",
        "userDefined": false
      }
    ],
    "isTemplate": false,
    "count": 0
  },
  {
    "id": "b6b7c33d-bf14-4663-b4fd-06da3981bf90",
    "data": [
      {
        "text": "Tell me about ",
        "userDefined": false
      },
      {
        "text": "executive education",
        "alias": "ProgramName",
        "meta": "@ProgramName",
        "userDefined": false
      }
    ],
    "isTemplate": false,
    "count": 0
  }
]