[
  {
    "id": "56597862-6045-42aa-9cab-d72d999e3c2e",
    "data": [
      {
        "text": "answer question",
        "userDefined": false
      }
    ],
    "isTemplate": false,
    "count": 0
  },
  {
    "id": "889826ce-7218-4eeb-be38-55eb541933d6",
    "data": [
      {
        "text": "address question",
        "userDefined": false
      }
    ],
    "isTemplate": false,
    "count": 0
  },
  {
    "id": "4ab65f32-aa4f-4301-b1b5-f4db2e548a86",
    "data": [
      {
        "text": "query",
        "userDefined": false
      }
    ],
    "isTemplate": false,
    "count": 0
  },
  {
    "id": "710d72e9-9180-4743-92b2-de10cea495c8",
    "data": [
      {
        "text": "ask ",
        "userDefined": false
      },
      {
        "text": "ISS",
        "alias": "ISSName",
        "meta": "@ISSName",
        "userDefined": true
      }
    ],
    "isTemplate": false,
    "count": 0
  },
  {
    "id": "b7dc5390-e784-47ef-bf7c-07d2fb4d02ca",
    "data": [
      {
        "text": "I have question",
        "userDefined": false
      }
    ],
    "isTemplate": false,
    "count": 0
  }
]