[
  {
    "id": "0d7c7a23-571e-4b26-bf13-3055cc7fb948",
    "data": [
      {
        "text": "Code of conduct $",
        "userDefined": false
      },
      {
        "text": "ProgramName",
        "alias": "ProgramName",
        "meta": "@ProgramName",
        "userDefined": true
      }
    ],
    "isTemplate": false,
    "count": 0
  },
  {
    "id": "1794992c-a832-4461-a6fb-0cbc4157719b",
    "data": [
      {
        "text": "Role and responsibility $",
        "userDefined": false
      },
      {
        "text": "ProgramName",
        "alias": "ProgramName",
        "meta": "@ProgramName",
        "userDefined": true
      }
    ],
    "isTemplate": false,
    "count": 0
  }
]