[
  {
    "id": "52b19d05-4c2f-4bf1-ae11-6aab3b69300f",
    "data": [
      {
        "text": "Thank You!",
        "userDefined": false
      }
    ],
    "isTemplate": false,
    "count": 0
  },
  {
    "id": "dfb65946-dc04-43cc-8f2f-4dd06f5466c9",
    "data": [
      {
        "text": "Thank You",
        "userDefined": false
      }
    ],
    "isTemplate": false,
    "count": 0
  },
  {
    "id": "7310c2a0-66f5-44a1-976b-c904d7f212fa",
    "data": [
      {
        "text": "Thanks!",
        "userDefined": false
      }
    ],
    "isTemplate": false,
    "count": 0
  },
  {
    "id": "43b7b264-dfaf-4dc1-ba97-f07b4b1f35b3",
    "data": [
      {
        "text": "Thanks",
        "userDefined": false
      }
    ],
    "isTemplate": false,
    "count": 0
  }
]