[
  {
    "value": "Master of Technology in Software Engineering",
    "synonyms": [
      "Master of Technology in Software Engineering",
      "Software Engineering",
      "MTech SE",
      "masters in SE",
      "master in SE",
      "mtech in SE",
      "smart systems",
      "smart system",
      "smart",
      "scalable",
      "ubiquitous"
    ]
  },
  {
    "value": "Master of Technology in Enterprise Business Analytics",
    "synonyms": [
      "Master of Technology in Enterprise Business Analytics",
      "Enterprise Business Analytics",
      "Business Analytics",
      "MTech EBAC",
      "masters ebac",
      "MTECH EBAC",
      "EBAC",
      "Big Data",
      "Analytics",
      "Data Science",
      "Modelling",
      "Forecasting",
      "Data Storytelling",
      "Data Governence",
      "Data Protection",
      "Mining",
      "Cyber Security",
      "Cybersecurity"
    ]
  },
  {
    "value": "Master of Technology in Intelligent Systems",
    "synonyms": [
      "Master of Technology in Intelligent Systems",
      "Intelligent Systems",
      "Master of Technology in Knowledge Engineeering",
      "Knowledge Engineering",
      "MTech IS",
      "Masters IS",
      "IS",
      "KE",
      "Reasoning",
      "Robotic",
      "Sensing",
      "Pattern Recognition",
      "Recognition",
      "self-learning",
      "robot",
      "bot"
    ]
  },
  {
    "value": "Graduate Diploma in Systems Analysis",
    "synonyms": [
      "Graduate Diploma in Systems Analysis",
      "System Analysis",
      "Systems Analysis",
      "Diploma in System Analysis",
      "GDipSA",
      "Diploma in SA",
      "diploma SA",
      "Digital Solution",
      "digital platform",
      "digital product"
    ]
  },
  {
    "value": "Master of Technology in Digital Leadership",
    "synonyms": [
      "Master of Technology in Digital Leadership",
      "Digital Leadership",
      "MTech DL",
      "mtech digital leadership",
      "digital strategy"
    ]
  },
  {
    "value": "Practical Language Processing",
    "synonyms": [
      "Practical Language Processing",
      "Language Processing",
      "Language",
      "text processing"
    ]
  },
  {
    "value": "Digital Innovation",
    "synonyms": [
      "Digital Innovation",
      "Digital Design"
    ]
  },
  {
    "value": "Digital Agility",
    "synonyms": [
      "Digital Agility"
    ]
  }
]