[
  {
    "value": "Gu Zhen",
    "synonyms": [
      "Gu Zhen",
      "Sam Gu",
      "gu zhen",
      "sam gu",
      "Sam Gu Zhen",
      "sam gu zhen",
      "Zhen Gu",
      "zhen gu"
    ]
  },
  {
    "value": "Fan Zhen Zhen",
    "synonyms": [
      "Fan Zhen Zhen",
      "Zhen Zhen",
      "zhen zhen",
      "fan zhen zhen",
      "Zhen Zhen Fan",
      "zhen zhen fan"
    ]
  },
  {
    "value": "Barry Adrian Shepherd",
    "synonyms": [
      "Barry Adrian Shepherd",
      "Barry Shepherd",
      "barry shepherd"
    ]
  },
  {
    "value": "Tian Jing",
    "synonyms": [
      "Tian Jing",
      "tian jing",
      "Jing Tian",
      "jing tian"
    ]
  },
  {
    "value": "Wang Aobo",
    "synonyms": [
      "Wang Aobo",
      "wang aobo",
      "Aobo Wang",
      "aobo wang"
    ]
  },
  {
    "value": "Zhu Fang Ming",
    "synonyms": [
      "Zhu Fang Ming",
      "zhu fang ming",
      "Fang Ming Zhu",
      "fang ming zhu",
      "fang ming",
      "Fang Ming"
    ]
  }
]