[
  {
    "value": "Singaporean",
    "synonyms": [
      "Singaporean",
      "Local",
      "Local Student"
    ]
  },
  {
    "value": "Singapore PR",
    "synonyms": [
      "Singapore PR",
      "Permanent Resident",
      "Singapore Permanent Resident"
    ]
  },
  {
    "value": "International",
    "synonyms": [
      "Foreigner",
      "International",
      "International Student",
      "Foreign Student",
      "foreigner",
      "foreigners",
      "foreign students",
      "international students"
    ]
  }
]