[
  {
    "id": "a8ff8648-0b5b-411e-87d6-0d3659805e68",
    "data": [
      {
        "text": "How do I get refund for $",
        "userDefined": false
      },
      {
        "text": "programeName",
        "alias": "ProgramName",
        "meta": "@ProgramName",
        "userDefined": true
      }
    ],
    "isTemplate": false,
    "count": 0
  },
  {
    "id": "de1fff58-c46b-4f4a-9e1b-ed4de1c0624f",
    "data": [
      {
        "text": "What is the penalty for canceling $",
        "userDefined": false
      },
      {
        "text": "courseType",
        "alias": "CourseType",
        "meta": "@CourseType",
        "userDefined": true
      },
      {
        "text": " $",
        "userDefined": false
      },
      {
        "text": "courseName",
        "alias": "CourseName",
        "meta": "@CourseName",
        "userDefined": true
      }
    ],
    "isTemplate": false,
    "count": 0
  },
  {
    "id": "d5ec07e4-dccd-4ac6-b5e6-68613f177da7",
    "data": [
      {
        "text": "What is the cancellation and refund policy for $",
        "userDefined": false
      },
      {
        "text": "courseName",
        "alias": "CourseName",
        "meta": "@CourseName",
        "userDefined": true
      }
    ],
    "isTemplate": false,
    "count": 0
  }
]