[
  {
    "id": "2df266a4-48d4-4ab8-b0b3-47775de7cb6b",
    "data": [
      {
        "text": "next run $",
        "userDefined": false
      },
      {
        "text": "CourseName",
        "alias": "CourseName",
        "meta": "@CourseName",
        "userDefined": true
      }
    ],
    "isTemplate": false,
    "count": 0
  },
  {
    "id": "f589a85c-7a78-4eba-9c76-2d835ad55fe7",
    "data": [
      {
        "text": "incoming intake of $",
        "userDefined": false
      },
      {
        "text": "CourseName",
        "alias": "CourseName",
        "meta": "@CourseName",
        "userDefined": true
      }
    ],
    "isTemplate": false,
    "count": 0
  },
  {
    "id": "a9f9b400-ee32-470d-a661-c758127e7109",
    "data": [
      {
        "text": "coming intake of $",
        "userDefined": false
      },
      {
        "text": "courseName",
        "alias": "CourseName",
        "meta": "@CourseName",
        "userDefined": true
      }
    ],
    "isTemplate": false,
    "count": 0
  },
  {
    "id": "db929f9c-2f09-40b0-b12e-bc57c24927ba",
    "data": [
      {
        "text": "Tell me when is the next intake for ",
        "userDefined": false
      },
      {
        "text": "(MTech IS)",
        "alias": "CourseName",
        "meta": "@CourseName",
        "userDefined": true
      }
    ],
    "isTemplate": false,
    "count": 0
  }
]