[
  {
    "id": "9ac08630-e905-415f-835a-9a956c53b35e",
    "data": [
      {
        "text": "examination $",
        "userDefined": false
      },
      {
        "text": "courseName",
        "alias": "CourseName",
        "meta": "@CourseName",
        "userDefined": true
      }
    ],
    "isTemplate": false,
    "count": 0
  },
  {
    "id": "27339a1c-f6b3-47bd-a142-318c8ceade59",
    "data": [
      {
        "text": "test $",
        "userDefined": false
      },
      {
        "text": "courseName",
        "alias": "CourseName",
        "meta": "@CourseName",
        "userDefined": true
      }
    ],
    "isTemplate": false,
    "count": 0
  },
  {
    "id": "dab59485-d96c-47a1-9000-5ef2aecc86ac",
    "data": [
      {
        "text": "When is the exam for $",
        "userDefined": false
      },
      {
        "text": "courseName",
        "alias": "CourseName",
        "meta": "@CourseName",
        "userDefined": true
      }
    ],
    "isTemplate": false,
    "count": 0
  }
]